,Subject,ProgrammingStyle,Comprehension,ResponseTime,Algorithm,Flag,Correctness
0,638,R,BU,296.0,BinarySearch,nan,True
2,750,R,BU,231.51572327044025,BinarySearch,Outlier,True
3,784,R,BU,438.0,BinarySearch,nan,True
4,829,R,BU,449.0,BinarySearch,nan,False
5,841,R,BU,123.0,BinarySearch,nan,True
6,857,R,BU,467.0,BinarySearch,nan,True
7,938,R,BU,575.0,BinarySearch,nan,True
8,643,R,BU,425.0,BubbleSort,nan,False
9,694,R,BU,154.0,BubbleSort,nan,False
10,704,R,BU,255.0,BubbleSort,nan,True
11,715,R,BU,255.0,BubbleSort,nan,True
12,733,R,BU,366.0,BubbleSort,nan,True
13,739,R,BU,313.0,BubbleSort,nan,False
14,748,R,BU,205.0,BubbleSort,nan,True
15,756,R,BU,256.0,BubbleSort,nan,True
16,757,R,BU,289.0,BubbleSort,nan,False
17,772,R,BU,82.0,BubbleSort,nan,False
18,780,R,BU,150.0,BubbleSort,nan,True
20,789,R,BU,296.0,BubbleSort,nan,False
21,801,R,BU,209.0,BubbleSort,nan,False
22,813,R,BU,198.0,BubbleSort,nan,True
23,815,R,BU,231.51572327044025,BubbleSort,Outlier,True
24,831,R,BU,110.0,BubbleSort,nan,True
25,832,R,BU,286.0,BubbleSort,nan,False
26,833,R,BU,124.0,BubbleSort,nan,False
27,854,R,BU,179.0,BubbleSort,nan,False
28,855,R,BU,362.0,BubbleSort,nan,False
29,875,R,BU,284.0,BubbleSort,nan,True
30,876,R,BU,202.0,BubbleSort,nan,False
31,900,R,BU,143.0,BubbleSort,nan,True
32,939,R,BU,257.0,BubbleSort,nan,True
33,945,R,BU,179.0,BubbleSort,nan,True
34,631,R,BU,191.0,Factorial,nan,True
35,699,R,BU,76.0,Factorial,nan,True
36,700,R,BU,90.0,Factorial,nan,False
37,716,R,BU,109.0,Factorial,nan,True
39,734,R,BU,30.0,Factorial,nan,True
40,737,R,BU,28.0,Factorial,nan,True
41,761,R,BU,202.0,Factorial,nan,True
42,767,R,BU,41.0,Factorial,nan,False
43,773,R,BU,74.0,Factorial,nan,True
44,774,R,BU,82.0,Factorial,nan,True
45,794,R,BU,15.0,Factorial,nan,True
46,799,R,BU,43.0,Factorial,nan,True
47,805,R,BU,117.0,Factorial,nan,True
48,817,R,BU,144.0,Factorial,nan,True
49,825,R,BU,87.0,Factorial,nan,True
50,828,R,BU,70.0,Factorial,nan,True
51,837,R,BU,39.0,Factorial,nan,True
53,852,R,BU,258.0,Factorial,nan,False
54,859,R,BU,55.0,Factorial,nan,True
55,860,R,BU,61.0,Factorial,nan,True
57,886,R,BU,90.0,Factorial,nan,True
58,894,R,BU,31.0,Factorial,nan,True
59,936,R,BU,78.0,Factorial,nan,True
60,946,R,BU,81.0,Factorial,nan,True
61,958,R,BU,25.0,Factorial,nan,True
62,653,R,BU,161.0,Fibonacci,nan,True
63,707,R,BU,52.0,Fibonacci,nan,True
64,717,R,BU,66.0,Fibonacci,nan,False
65,730,R,BU,184.0,Fibonacci,nan,True
66,735,R,BU,149.0,Fibonacci,nan,True
67,740,R,BU,145.0,Fibonacci,nan,True
68,744,R,BU,99.0,Fibonacci,nan,False
69,759,R,BU,311.0,Fibonacci,nan,False
70,762,R,BU,107.0,Fibonacci,nan,False
71,768,R,BU,85.0,Fibonacci,nan,False
72,782,R,BU,87.0,Fibonacci,nan,False
73,787,R,BU,267.0,Fibonacci,nan,False
74,793,R,BU,126.0,Fibonacci,nan,False
75,803,R,BU,65.0,Fibonacci,nan,True
76,804,R,BU,359.0,Fibonacci,nan,True
78,830,R,BU,113.0,Fibonacci,nan,False
79,834,R,BU,35.0,Fibonacci,nan,False
80,851,R,BU,50.0,Fibonacci,nan,True
81,853,R,BU,85.0,Fibonacci,nan,True
82,867,R,BU,73.0,Fibonacci,nan,True
83,880,R,BU,584.0,Fibonacci,nan,False
84,888,R,BU,314.0,Fibonacci,nan,True
85,898,R,BU,167.0,Fibonacci,nan,True
86,941,R,BU,436.0,Fibonacci,nan,False
88,653,R,BU,147.0,IntegerBinary,nan,True
90,730,R,BU,115.0,IntegerBinary,nan,False
91,735,R,BU,263.0,IntegerBinary,nan,True
92,744,R,BU,126.0,IntegerBinary,nan,True
93,759,R,BU,173.0,IntegerBinary,nan,False
94,762,R,BU,148.0,IntegerBinary,nan,False
95,803,R,BU,74.0,IntegerBinary,nan,True
96,830,R,BU,187.0,IntegerBinary,nan,False
97,834,R,BU,58.0,IntegerBinary,nan,False
98,853,R,BU,139.0,IntegerBinary,nan,False
99,880,R,BU,116.0,IntegerBinary,nan,False
100,888,R,BU,326.0,IntegerBinary,nan,True
101,941,R,BU,456.0,IntegerBinary,nan,True
103,694,R,BU,107.0,MultiplyMatrix,nan,False
104,704,R,BU,523.0,MultiplyMatrix,nan,True
105,739,R,BU,127.0,MultiplyMatrix,nan,False
106,757,R,BU,85.0,MultiplyMatrix,nan,False
108,813,R,BU,192.0,MultiplyMatrix,nan,False
109,832,R,BU,454.0,MultiplyMatrix,nan,True
110,854,R,BU,231.51572327044025,MultiplyMatrix,Outlier,False
111,855,R,BU,42.0,MultiplyMatrix,nan,False
112,875,R,BU,667.0,MultiplyMatrix,notNormal,True
113,876,R,BU,440.0,MultiplyMatrix,nan,False
114,939,R,BU,556.0,MultiplyMatrix,nan,True
115,631,R,BU,224.0,PrimeFactors,nan,False
116,699,R,BU,126.0,PrimeFactors,nan,False
117,700,R,BU,137.0,PrimeFactors,nan,False
119,760,R,BU,231.51572327044025,PrimeFactors,Outlier,False
120,761,R,BU,324.0,PrimeFactors,nan,False
121,799,R,BU,93.0,PrimeFactors,nan,False
122,828,R,BU,92.0,PrimeFactors,nan,False
123,837,R,BU,141.0,PrimeFactors,nan,True
125,852,R,BU,231.51572327044025,PrimeFactors,Outlier,False
126,859,R,BU,248.0,PrimeFactors,nan,False
127,860,R,BU,193.0,PrimeFactors,nan,False
128,886,R,BU,219.0,PrimeFactors,nan,True
129,936,R,BU,198.0,PrimeFactors,nan,False
130,946,R,BU,162.0,PrimeFactors,nan,True
131,958,R,BU,124.0,PrimeFactors,nan,False
132,638,R,BU,87.0,ReverseString,nan,False
133,696,R,BU,238.0,ReverseString,nan,True
134,706,R,BU,44.0,ReverseString,nan,False
135,708,R,BU,48.0,ReverseString,nan,False
136,709,R,BU,147.0,ReverseString,nan,True
138,732,R,BU,108.0,ReverseString,nan,True
139,736,R,BU,306.0,ReverseString,nan,True
140,749,R,BU,226.0,ReverseString,nan,True
141,750,R,BU,141.0,ReverseString,nan,True
142,764,R,BU,231.51572327044025,ReverseString,Outlier,False
143,769,R,BU,119.0,ReverseString,nan,False
144,784,R,BU,118.0,ReverseString,nan,True
145,788,R,BU,128.0,ReverseString,nan,True
146,792,R,BU,105.0,ReverseString,nan,True
147,806,R,BU,126.0,ReverseString,nan,True
148,829,R,BU,513.0,ReverseString,nan,False
149,841,R,BU,126.0,ReverseString,nan,False
150,857,R,BU,215.0,ReverseString,nan,False
151,858,R,BU,83.0,ReverseString,nan,False
152,868,R,BU,480.0,ReverseString,nan,False
153,877,R,BU,98.0,ReverseString,nan,False
154,889,R,BU,69.0,ReverseString,nan,True
155,895,R,BU,69.0,ReverseString,nan,True
156,938,R,BU,231.51572327044025,ReverseString,Outlier,True
157,948,R,BU,174.0,ReverseString,nan,True
158,949,R,BU,97.0,ReverseString,nan,False
159,653,I,BU,183.0,BinarySearch,nan,True
161,730,I,BU,46.0,BinarySearch,nan,False
162,735,I,BU,99.0,BinarySearch,nan,False
163,744,I,BU,100.0,BinarySearch,nan,False
164,759,I,BU,139.0,BinarySearch,nan,False
165,762,I,BU,143.0,BinarySearch,nan,False
166,803,I,BU,133.0,BinarySearch,nan,False
167,830,I,BU,276.0,BinarySearch,nan,False
168,834,I,BU,180.0,BinarySearch,nan,False
169,853,I,BU,174.0,BinarySearch,nan,False
170,888,I,BU,350.0,BinarySearch,nan,False
171,941,I,BU,580.0,BinarySearch,nan,True
173,653,I,BU,163.0,BubbleSort,nan,True
175,707,I,BU,66.0,BubbleSort,nan,True
176,717,I,BU,231.475,BubbleSort,Outlier,False
177,730,I,BU,82.0,BubbleSort,nan,False
178,735,I,BU,264.0,BubbleSort,nan,False
179,740,I,BU,162.0,BubbleSort,nan,False
180,744,I,BU,140.0,BubbleSort,nan,True
181,759,I,BU,69.0,BubbleSort,nan,False
182,762,I,BU,151.0,BubbleSort,nan,False
183,768,I,BU,170.0,BubbleSort,nan,False
184,782,I,BU,177.0,BubbleSort,nan,False
185,787,I,BU,368.0,BubbleSort,nan,True
186,803,I,BU,180.0,BubbleSort,nan,False
187,804,I,BU,665.0,BubbleSort,notNormal,False
189,830,I,BU,228.0,BubbleSort,nan,False
190,834,I,BU,108.0,BubbleSort,nan,False
191,851,I,BU,71.0,BubbleSort,nan,False
192,853,I,BU,204.0,BubbleSort,nan,False
193,867,I,BU,354.0,BubbleSort,nan,True
194,880,I,BU,175.0,BubbleSort,nan,False
195,888,I,BU,286.0,BubbleSort,nan,True
196,898,I,BU,698.0,BubbleSort,notNormal,True
197,941,I,BU,213.0,BubbleSort,nan,False
199,638,I,BU,76.0,Factorial,nan,True
200,696,I,BU,45.0,Factorial,nan,True
201,706,I,BU,107.0,Factorial,nan,False
202,708,I,BU,73.0,Factorial,nan,False
203,709,I,BU,237.0,Factorial,nan,True
205,732,I,BU,92.0,Factorial,nan,True
206,736,I,BU,42.0,Factorial,nan,True
207,749,I,BU,122.0,Factorial,nan,True
208,750,I,BU,269.0,Factorial,nan,True
209,764,I,BU,233.0,Factorial,nan,False
210,769,I,BU,71.0,Factorial,nan,True
211,784,I,BU,83.0,Factorial,nan,True
212,788,I,BU,221.0,Factorial,nan,True
213,791,I,BU,66.0,Factorial,nan,True
214,792,I,BU,298.0,Factorial,nan,True
215,806,I,BU,117.0,Factorial,nan,True
216,816,I,BU,116.0,Factorial,nan,True
217,829,I,BU,184.0,Factorial,nan,True
218,841,I,BU,57.0,Factorial,nan,True
219,850,I,BU,9.0,Factorial,nan,True
220,857,I,BU,97.0,Factorial,nan,True
221,858,I,BU,78.0,Factorial,nan,True
222,868,I,BU,183.0,Factorial,nan,True
223,877,I,BU,61.0,Factorial,nan,True
224,889,I,BU,80.0,Factorial,nan,True
225,895,I,BU,158.0,Factorial,nan,True
226,938,I,BU,97.0,Factorial,nan,True
227,948,I,BU,313.0,Factorial,nan,True
228,949,I,BU,103.0,Factorial,nan,True
229,643,I,BU,210.0,Fibonacci,nan,True
230,694,I,BU,97.0,Fibonacci,nan,False
231,704,I,BU,453.0,Fibonacci,nan,True
232,715,I,BU,612.0,Fibonacci,notNormal,True
233,733,I,BU,177.0,Fibonacci,nan,True
234,739,I,BU,186.0,Fibonacci,nan,False
235,748,I,BU,268.0,Fibonacci,nan,True
236,756,I,BU,155.0,Fibonacci,nan,True
237,757,I,BU,44.0,Fibonacci,nan,True
238,780,I,BU,97.0,Fibonacci,nan,True
240,789,I,BU,114.0,Fibonacci,nan,False
241,801,I,BU,189.0,Fibonacci,nan,True
242,813,I,BU,224.0,Fibonacci,nan,True
243,815,I,BU,295.0,Fibonacci,nan,True
244,831,I,BU,136.0,Fibonacci,nan,False
245,832,I,BU,140.0,Fibonacci,nan,True
246,833,I,BU,100.0,Fibonacci,nan,False
247,854,I,BU,180.0,Fibonacci,nan,False
248,855,I,BU,246.0,Fibonacci,nan,False
249,875,I,BU,306.0,Fibonacci,nan,True
250,876,I,BU,445.0,Fibonacci,nan,True
251,900,I,BU,111.0,Fibonacci,nan,True
252,939,I,BU,146.0,Fibonacci,nan,True
253,945,I,BU,159.0,Fibonacci,nan,True
254,638,I,BU,155.0,IntegerBinary,nan,False
256,750,I,BU,212.0,IntegerBinary,nan,True
257,784,I,BU,223.0,IntegerBinary,nan,True
258,792,I,BU,125.0,IntegerBinary,nan,False
259,829,I,BU,378.0,IntegerBinary,nan,True
260,841,I,BU,61.0,IntegerBinary,nan,True
261,857,I,BU,239.0,IntegerBinary,nan,True
262,938,I,BU,403.0,IntegerBinary,nan,True
263,631,I,BU,117.0,MultiplyMatrix,nan,True
264,699,I,BU,227.0,MultiplyMatrix,nan,True
265,700,I,BU,58.0,MultiplyMatrix,nan,False
267,761,I,BU,68.0,MultiplyMatrix,nan,False
268,767,I,BU,51.0,MultiplyMatrix,nan,False
269,837,I,BU,362.0,MultiplyMatrix,nan,True
271,859,I,BU,353.0,MultiplyMatrix,nan,True
272,860,I,BU,469.0,MultiplyMatrix,nan,True
273,886,I,BU,231.475,MultiplyMatrix,Outlier,True
274,958,I,BU,169.0,MultiplyMatrix,nan,True
275,694,I,BU,259.0,PrimeFactors,nan,False
276,704,I,BU,262.0,PrimeFactors,nan,False
277,739,I,BU,269.0,PrimeFactors,nan,False
278,757,I,BU,139.0,PrimeFactors,nan,True
280,813,I,BU,514.0,PrimeFactors,nan,True
281,815,I,BU,231.475,PrimeFactors,Outlier,True
282,831,I,BU,171.0,PrimeFactors,nan,False
283,832,I,BU,277.0,PrimeFactors,nan,False
284,854,I,BU,181.0,PrimeFactors,nan,False
285,855,I,BU,250.0,PrimeFactors,nan,False
286,875,I,BU,285.0,PrimeFactors,nan,False
287,876,I,BU,293.0,PrimeFactors,nan,False
288,939,I,BU,402.0,PrimeFactors,nan,False
289,945,I,BU,292.0,PrimeFactors,nan,False
290,631,I,BU,110.0,ReverseString,nan,True
291,699,I,BU,162.0,ReverseString,nan,True
292,700,I,BU,87.0,ReverseString,nan,False
293,716,I,BU,231.475,ReverseString,Outlier,True
295,734,I,BU,45.0,ReverseString,nan,True
296,737,I,BU,35.0,ReverseString,nan,False
297,751,I,BU,348.0,ReverseString,nan,True
298,761,I,BU,180.0,ReverseString,nan,False
299,767,I,BU,65.0,ReverseString,nan,True
300,773,I,BU,231.475,ReverseString,Outlier,True
301,774,I,BU,212.0,ReverseString,nan,True
302,794,I,BU,13.0,ReverseString,nan,True
303,799,I,BU,104.0,ReverseString,nan,True
304,805,I,BU,294.0,ReverseString,nan,True
305,817,I,BU,274.0,ReverseString,nan,True
306,825,I,BU,210.0,ReverseString,nan,True
307,828,I,BU,130.0,ReverseString,nan,True
308,837,I,BU,123.0,ReverseString,nan,True
310,852,I,BU,231.475,ReverseString,Outlier,False
311,859,I,BU,173.0,ReverseString,nan,True
312,860,I,BU,164.0,ReverseString,nan,True
314,886,I,BU,49.0,ReverseString,nan,True
315,894,I,BU,24.0,ReverseString,nan,True
316,936,I,BU,471.0,ReverseString,nan,False
317,946,I,BU,211.0,ReverseString,nan,True
318,958,I,BU,78.0,ReverseString,nan,True
319,694,R,TD,188.0,BinarySearch,nan,False
320,704,R,TD,269.0,BinarySearch,nan,False
321,739,R,TD,123.0,BinarySearch,nan,False
323,813,R,TD,75.0,BinarySearch,nan,False
324,815,R,TD,348.0,BinarySearch,nan,False
325,831,R,TD,83.0,BinarySearch,nan,False
326,832,R,TD,208.0,BinarySearch,nan,False
327,854,R,TD,492.0,BinarySearch,notNormal,False
328,855,R,TD,384.0,BinarySearch,nan,False
329,875,R,TD,151.0,BinarySearch,nan,True
330,876,R,TD,139.0,BinarySearch,nan,True
331,939,R,TD,317.0,BinarySearch,nan,True
332,945,R,TD,164.0,BinarySearch,nan,False
333,631,R,TD,42.0,BubbleSort,nan,False
334,699,R,TD,17.0,BubbleSort,nan,True
335,700,R,TD,22.0,BubbleSort,nan,True
336,716,R,TD,69.0,BubbleSort,nan,True
338,734,R,TD,4.0,BubbleSort,nan,True
339,737,R,TD,18.0,BubbleSort,nan,True
340,751,R,TD,32.0,BubbleSort,nan,True
341,760,R,TD,174.76073619631902,BubbleSort,Outlier,False
342,761,R,TD,54.0,BubbleSort,nan,False
343,767,R,TD,174.76073619631902,BubbleSort,Outlier,False
344,773,R,TD,153.0,BubbleSort,nan,False
345,774,R,TD,141.0,BubbleSort,nan,False
346,794,R,TD,7.0,BubbleSort,nan,True
347,799,R,TD,32.0,BubbleSort,nan,True
348,805,R,TD,120.0,BubbleSort,nan,True
349,825,R,TD,25.0,BubbleSort,nan,True
350,828,R,TD,174.76073619631902,BubbleSort,Outlier,False
351,837,R,TD,22.0,BubbleSort,nan,True
353,852,R,TD,35.0,BubbleSort,nan,False
354,859,R,TD,24.0,BubbleSort,nan,True
355,860,R,TD,37.0,BubbleSort,nan,True
357,886,R,TD,6.0,BubbleSort,nan,True
358,894,R,TD,3.0,BubbleSort,nan,True
359,936,R,TD,47.0,BubbleSort,nan,False
360,946,R,TD,20.0,BubbleSort,nan,True
361,958,R,TD,8.0,BubbleSort,nan,True
362,643,R,TD,64.0,Factorial,nan,True
363,694,R,TD,36.0,Factorial,nan,True
364,704,R,TD,51.0,Factorial,nan,True
365,715,R,TD,108.0,Factorial,nan,True
366,733,R,TD,84.0,Factorial,nan,True
367,739,R,TD,41.0,Factorial,nan,True
368,748,R,TD,88.0,Factorial,nan,True
369,756,R,TD,35.0,Factorial,nan,True
370,757,R,TD,37.0,Factorial,nan,True
371,772,R,TD,106.0,Factorial,nan,True
372,780,R,TD,51.0,Factorial,nan,True
374,789,R,TD,130.0,Factorial,nan,False
375,801,R,TD,68.0,Factorial,nan,True
376,813,R,TD,124.0,Factorial,nan,True
377,815,R,TD,97.0,Factorial,nan,True
378,831,R,TD,40.0,Factorial,nan,True
379,832,R,TD,82.0,Factorial,nan,True
380,833,R,TD,31.0,Factorial,nan,True
381,854,R,TD,146.0,Factorial,nan,True
382,855,R,TD,54.0,Factorial,nan,True
383,875,R,TD,103.0,Factorial,nan,True
384,876,R,TD,87.0,Factorial,nan,True
385,900,R,TD,143.0,Factorial,nan,True
386,939,R,TD,107.0,Factorial,nan,True
387,945,R,TD,38.0,Factorial,nan,True
388,638,R,TD,118.0,Fibonacci,nan,False
389,696,R,TD,137.0,Fibonacci,nan,True
390,706,R,TD,298.0,Fibonacci,nan,True
391,708,R,TD,115.0,Fibonacci,nan,False
392,709,R,TD,230.0,Fibonacci,nan,True
394,732,R,TD,110.0,Fibonacci,nan,False
395,736,R,TD,179.0,Fibonacci,nan,True
396,749,R,TD,163.0,Fibonacci,nan,False
397,750,R,TD,165.0,Fibonacci,nan,True
398,764,R,TD,146.0,Fibonacci,nan,False
399,769,R,TD,76.0,Fibonacci,nan,False
400,784,R,TD,120.0,Fibonacci,nan,True
401,788,R,TD,141.0,Fibonacci,nan,True
402,791,R,TD,144.0,Fibonacci,nan,False
403,792,R,TD,350.0,Fibonacci,nan,False
404,806,R,TD,208.0,Fibonacci,nan,False
405,816,R,TD,216.0,Fibonacci,nan,False
406,829,R,TD,157.0,Fibonacci,nan,True
407,841,R,TD,250.0,Fibonacci,nan,False
408,850,R,TD,5.0,Fibonacci,nan,True
409,857,R,TD,137.0,Fibonacci,nan,True
410,858,R,TD,157.0,Fibonacci,nan,True
411,868,R,TD,188.0,Fibonacci,nan,True
412,889,R,TD,174.76073619631902,Fibonacci,Outlier,False
413,895,R,TD,111.0,Fibonacci,nan,False
414,938,R,TD,338.0,Fibonacci,nan,True
415,948,R,TD,104.0,Fibonacci,nan,True
416,949,R,TD,145.0,Fibonacci,nan,True
417,631,R,TD,82.0,IntegerBinary,nan,True
418,699,R,TD,109.0,IntegerBinary,nan,True
419,700,R,TD,54.0,IntegerBinary,nan,False
420,761,R,TD,173.0,IntegerBinary,nan,True
421,767,R,TD,53.0,IntegerBinary,nan,True
422,828,R,TD,166.0,IntegerBinary,nan,True
423,837,R,TD,49.0,IntegerBinary,nan,True
425,852,R,TD,292.0,IntegerBinary,nan,False
426,859,R,TD,334.0,IntegerBinary,nan,True
427,860,R,TD,227.0,IntegerBinary,nan,True
428,886,R,TD,62.0,IntegerBinary,nan,True
429,936,R,TD,307.0,IntegerBinary,nan,False
430,946,R,TD,208.0,IntegerBinary,nan,True
431,958,R,TD,86.0,IntegerBinary,nan,True
432,708,R,TD,100.0,MultiplyMatrix,nan,False
434,750,R,TD,375.0,MultiplyMatrix,nan,True
435,784,R,TD,174.76073619631902,MultiplyMatrix,Outlier,False
436,792,R,TD,377.0,MultiplyMatrix,nan,True
437,829,R,TD,122.0,MultiplyMatrix,nan,False
438,841,R,TD,49.0,MultiplyMatrix,nan,False
439,857,R,TD,302.0,MultiplyMatrix,nan,True
440,938,R,TD,174.76073619631902,MultiplyMatrix,Outlier,True
441,949,R,TD,47.0,MultiplyMatrix,nan,False
442,653,R,TD,298.0,PrimeFactors,nan,False
444,730,R,TD,176.0,PrimeFactors,nan,False
445,735,R,TD,174.76073619631902,PrimeFactors,Outlier,False
446,744,R,TD,162.0,PrimeFactors,nan,False
447,759,R,TD,71.0,PrimeFactors,nan,True
448,762,R,TD,283.0,PrimeFactors,nan,True
449,803,R,TD,36.0,PrimeFactors,nan,False
450,830,R,TD,107.0,PrimeFactors,nan,True
451,834,R,TD,55.0,PrimeFactors,nan,False
452,853,R,TD,98.0,PrimeFactors,nan,False
453,880,R,TD,174.76073619631902,PrimeFactors,Outlier,False
454,888,R,TD,152.0,PrimeFactors,nan,True
455,941,R,TD,174.76073619631902,PrimeFactors,Outlier,False
457,653,R,TD,68.0,ReverseString,nan,True
458,707,R,TD,56.0,ReverseString,nan,True
459,717,R,TD,119.0,ReverseString,nan,True
460,730,R,TD,165.0,ReverseString,nan,False
461,735,R,TD,210.0,ReverseString,nan,True
462,740,R,TD,97.0,ReverseString,nan,False
463,744,R,TD,101.0,ReverseString,nan,True
464,759,R,TD,128.0,ReverseString,nan,True
465,762,R,TD,286.0,ReverseString,nan,False
466,768,R,TD,101.0,ReverseString,nan,False
467,782,R,TD,87.0,ReverseString,nan,False
468,787,R,TD,360.0,ReverseString,nan,True
469,793,R,TD,141.0,ReverseString,nan,False
470,803,R,TD,52.0,ReverseString,nan,True
471,804,R,TD,174.76073619631902,ReverseString,Outlier,True
473,830,R,TD,117.0,ReverseString,nan,False
474,834,R,TD,46.0,ReverseString,nan,True
475,851,R,TD,174.76073619631902,ReverseString,Outlier,False
476,853,R,TD,253.0,ReverseString,nan,False
477,867,R,TD,378.0,ReverseString,nan,True
478,880,R,TD,174.76073619631902,ReverseString,Outlier,True
479,888,R,TD,169.0,ReverseString,nan,False
480,898,R,TD,489.0,ReverseString,notNormal,False
482,631,I,TD,96.0,BinarySearch,nan,False
483,699,I,TD,240.0,BinarySearch,nan,True
484,700,I,TD,98.0,BinarySearch,nan,False
486,760,I,TD,39.0,BinarySearch,nan,False
487,761,I,TD,181.0,BinarySearch,nan,False
488,767,I,TD,71.0,BinarySearch,nan,False
489,828,I,TD,183.0,BinarySearch,nan,False
490,837,I,TD,165.0,BinarySearch,nan,True
492,852,I,TD,366.0,BinarySearch,nan,True
493,859,I,TD,477.0,BinarySearch,nan,True
494,860,I,TD,616.0,BinarySearch,nan,False
495,886,I,TD,151.0,BinarySearch,nan,True
496,936,I,TD,263.0,BinarySearch,nan,True
497,946,I,TD,128.0,BinarySearch,nan,True
498,958,I,TD,63.0,BinarySearch,nan,True
499,638,I,TD,241.48809523809524,BubbleSort,Outlier,False
500,696,I,TD,168.0,BubbleSort,nan,True
501,706,I,TD,236.0,BubbleSort,nan,False
502,708,I,TD,98.0,BubbleSort,nan,True
503,709,I,TD,180.0,BubbleSort,nan,True
505,732,I,TD,257.0,BubbleSort,nan,False
506,736,I,TD,241.0,BubbleSort,nan,True
507,749,I,TD,352.0,BubbleSort,nan,True
508,750,I,TD,351.0,BubbleSort,nan,True
509,764,I,TD,123.0,BubbleSort,nan,False
510,769,I,TD,173.0,BubbleSort,nan,False
511,784,I,TD,119.0,BubbleSort,nan,True
512,788,I,TD,281.0,BubbleSort,nan,False
513,791,I,TD,132.0,BubbleSort,nan,True
514,792,I,TD,308.0,BubbleSort,nan,True
515,806,I,TD,222.0,BubbleSort,nan,False
516,816,I,TD,231.0,BubbleSort,nan,True
517,829,I,TD,137.0,BubbleSort,nan,False
518,841,I,TD,236.0,BubbleSort,nan,False
519,850,I,TD,241.48809523809524,BubbleSort,Outlier,False
520,857,I,TD,275.0,BubbleSort,nan,False
521,858,I,TD,118.0,BubbleSort,nan,False
522,868,I,TD,241.48809523809524,BubbleSort,Outlier,True
523,877,I,TD,152.0,BubbleSort,nan,False
524,889,I,TD,94.0,BubbleSort,nan,True
525,895,I,TD,234.0,BubbleSort,nan,True
526,938,I,TD,613.0,BubbleSort,nan,True
527,948,I,TD,186.0,BubbleSort,nan,True
528,949,I,TD,224.0,BubbleSort,nan,False
529,653,I,TD,234.0,Factorial,nan,True
531,707,I,TD,31.0,Factorial,nan,True
532,717,I,TD,35.0,Factorial,nan,True
533,730,I,TD,48.0,Factorial,nan,True
534,735,I,TD,87.0,Factorial,nan,True
535,740,I,TD,108.0,Factorial,nan,False
536,744,I,TD,77.0,Factorial,nan,True
537,759,I,TD,122.0,Factorial,nan,True
538,762,I,TD,134.0,Factorial,nan,True
539,768,I,TD,86.0,Factorial,nan,False
540,782,I,TD,69.0,Factorial,nan,False
541,787,I,TD,455.0,Factorial,nan,False
542,793,I,TD,223.0,Factorial,nan,True
543,803,I,TD,23.0,Factorial,nan,True
544,804,I,TD,171.0,Factorial,nan,False
546,830,I,TD,198.0,Factorial,nan,True
547,834,I,TD,44.0,Factorial,nan,True
548,851,I,TD,49.0,Factorial,nan,True
549,853,I,TD,56.0,Factorial,nan,False
550,867,I,TD,20.0,Factorial,nan,True
551,880,I,TD,292.0,Factorial,nan,True
552,888,I,TD,96.0,Factorial,nan,True
553,898,I,TD,129.0,Factorial,nan,True
554,941,I,TD,107.0,Factorial,nan,True
556,631,I,TD,113.0,Fibonacci,nan,True
557,699,I,TD,74.0,Fibonacci,nan,True
558,700,I,TD,66.0,Fibonacci,nan,False
559,716,I,TD,284.0,Fibonacci,nan,True
561,734,I,TD,44.0,Fibonacci,nan,True
562,737,I,TD,133.0,Fibonacci,nan,False
563,751,I,TD,164.0,Fibonacci,nan,True
564,761,I,TD,523.0,Fibonacci,nan,True
565,773,I,TD,174.0,Fibonacci,nan,True
566,774,I,TD,328.0,Fibonacci,nan,False
567,794,I,TD,64.0,Fibonacci,nan,True
568,799,I,TD,103.0,Fibonacci,nan,True
569,805,I,TD,229.0,Fibonacci,nan,True
570,817,I,TD,110.0,Fibonacci,nan,True
571,825,I,TD,105.0,Fibonacci,nan,True
572,828,I,TD,176.0,Fibonacci,nan,True
573,837,I,TD,251.0,Fibonacci,nan,True
575,852,I,TD,200.0,Fibonacci,nan,True
576,859,I,TD,219.0,Fibonacci,nan,True
577,860,I,TD,177.0,Fibonacci,nan,True
579,886,I,TD,95.0,Fibonacci,nan,True
580,894,I,TD,30.0,Fibonacci,nan,True
581,936,I,TD,231.0,Fibonacci,nan,True
582,946,I,TD,361.0,Fibonacci,nan,True
583,958,I,TD,122.0,Fibonacci,nan,True
584,694,I,TD,179.0,IntegerBinary,nan,False
585,704,I,TD,240.0,IntegerBinary,nan,True
586,739,I,TD,122.0,IntegerBinary,nan,True
587,757,I,TD,100.0,IntegerBinary,nan,True
589,813,I,TD,186.0,IntegerBinary,nan,True
590,815,I,TD,420.0,IntegerBinary,nan,True
591,832,I,TD,137.0,IntegerBinary,nan,True
592,854,I,TD,313.0,IntegerBinary,nan,True
593,855,I,TD,219.0,IntegerBinary,nan,True
594,875,I,TD,304.0,IntegerBinary,nan,True
595,876,I,TD,146.0,IntegerBinary,nan,True
596,939,I,TD,236.0,IntegerBinary,nan,True
597,945,I,TD,100.0,IntegerBinary,nan,True
598,653,I,TD,193.0,MultiplyMatrix,nan,True
600,730,I,TD,118.0,MultiplyMatrix,nan,False
601,735,I,TD,314.0,MultiplyMatrix,nan,False
602,744,I,TD,349.0,MultiplyMatrix,nan,False
603,759,I,TD,103.0,MultiplyMatrix,nan,False
604,762,I,TD,511.0,MultiplyMatrix,nan,False
605,803,I,TD,127.0,MultiplyMatrix,nan,False
606,830,I,TD,214.0,MultiplyMatrix,nan,False
607,834,I,TD,127.0,MultiplyMatrix,nan,True
608,853,I,TD,269.0,MultiplyMatrix,nan,True
609,888,I,TD,365.0,MultiplyMatrix,nan,False
610,941,I,TD,66.0,MultiplyMatrix,nan,False
612,638,I,TD,69.0,PrimeFactors,nan,True
613,708,I,TD,151.0,PrimeFactors,nan,False
614,709,I,TD,603.0,PrimeFactors,nan,False
616,750,I,TD,128.0,PrimeFactors,nan,False
617,784,I,TD,283.0,PrimeFactors,nan,True
618,792,I,TD,338.0,PrimeFactors,nan,True
619,829,I,TD,246.0,PrimeFactors,nan,False
620,841,I,TD,94.0,PrimeFactors,nan,True
621,857,I,TD,495.0,PrimeFactors,nan,False
622,938,I,TD,542.0,PrimeFactors,nan,False
623,949,I,TD,49.0,PrimeFactors,nan,True
624,643,I,TD,89.0,ReverseString,nan,True
625,694,I,TD,141.0,ReverseString,nan,False
626,704,I,TD,176.0,ReverseString,nan,True
627,715,I,TD,119.0,ReverseString,nan,True
628,733,I,TD,123.0,ReverseString,nan,True
629,739,I,TD,145.0,ReverseString,nan,True
630,748,I,TD,78.0,ReverseString,nan,True
631,756,I,TD,354.0,ReverseString,nan,True
632,757,I,TD,69.0,ReverseString,nan,True
633,780,I,TD,76.0,ReverseString,nan,True
635,789,I,TD,139.0,ReverseString,nan,False
636,801,I,TD,122.0,ReverseString,nan,True
637,813,I,TD,161.0,ReverseString,nan,True
638,815,I,TD,154.0,ReverseString,nan,True
639,831,I,TD,59.0,ReverseString,nan,True
640,832,I,TD,201.0,ReverseString,nan,True
641,833,I,TD,48.0,ReverseString,nan,True
642,854,I,TD,241.0,ReverseString,nan,True
643,855,I,TD,72.0,ReverseString,nan,True
644,875,I,TD,147.0,ReverseString,nan,True
645,876,I,TD,164.0,ReverseString,nan,True
646,890,I,TD,61.0,ReverseString,nan,False
647,900,I,TD,254.0,ReverseString,nan,True
648,939,I,TD,224.0,ReverseString,nan,True
649,945,I,TD,90.0,ReverseString,nan,True
